Category,Component
Cable Assemblies,Barrel - Audio Cables
Cable Assemblies,Barrel - Power Cables
Cable Assemblies,Between Series Adapter Cables
Cable Assemblies,Circular Cable Assemblies
Cable Assemblies,Coaxial Cables (RF)
Cable Assemblies,D-Shaped Cables
Cable Assemblies,D-Sub Cables
Cable Assemblies,Fiber Optic Cables
Cable Assemblies,Firewire Cables (IEEE 1394)
Cable Assemblies,"Flat Flex Jumpers, Cables (FFC, FPC)"
Cable Assemblies,"Flat Flex Ribbon Jumpers, Cables"
Cable Assemblies,Jumper Wires
Cable Assemblies,LGH Cables
Cable Assemblies,Modular Cables
Cable Assemblies,Pluggable Cables
Cable Assemblies,"Power, Line Cables and Extension Cords"
Cable Assemblies,Rectangular Cable Assemblies
Cable Assemblies,Smart Cables
Cable Assemblies,Solid State Lighting Cables
Cable Assemblies,Specialized Cable Assemblies
Cable Assemblies,USB Cables
Cable Assemblies,"Video Cables (DVI, HDMI)"
Cable Assemblies,Pre-Crimped Leads
Cable Assemblies,Centronics Cables
Cable Assemblies,"Flat Flex Cables (FFC, FPC)"
Cable Assemblies,Flat Ribbon Cables
Cable Assemblies,Multiple Conductor Cables
Cable Assemblies,Single Conductor Cables (Hook-Up Wire)
Cable Assemblies,Wire Wrap
Cable Assemblies,Flat Cables
Cable Assemblies,Ethernet Cables
Cable Assemblies,Cat5e Cables
Cable Assemblies,Cat6 Cables
Cable Assemblies,Cat6a Cables
Cable Assemblies,Cat7 Cables
Cable Assemblies,RG-6 Cables
Cable Assemblies,RG-11 Cables
Cable Assemblies,RG-59 Cables
Cable Assemblies,Single-Mode Fiber Cables
Cable Assemblies,Multi-Mode Fiber Cables
Cable Assemblies,Power Cables
Cable Assemblies,AC Power Cables
Cable Assemblies,DC Power Cables
Cable Assemblies,Power over Ethernet (PoE) Cables
Cable Assemblies,Temperature Sensor Cables
Cable Assemblies,Pressure Sensor Cables
Cable Assemblies,Humidity Sensor Cables
Cable Assemblies,CAN Bus Cables
Cable Assemblies,OBD-II Cables
Cable Assemblies,Custom Ethernet Assemblies
Cable Assemblies,Custom Fiber Assemblies
Cable Assemblies,Custom Cable Assemblies
Cable Assemblies,Custom Power Assemblies
Cable Assemblies,M12 Connector Cables
Cable Assemblies,M8 Connector Cables
Cable Assemblies,Connector Cables
Cable Assemblies,RJ45 Cables
Cable Assemblies,Cable Conduits
Cable Assemblies,Cable Trays
Cable Assemblies,Cable Ties
Cable Assemblies,Cable Clips
Cable Assemblies,Antenna Cables
Cable Assemblies,RF Cables
Cable Assemblies,Patch Cables
Cable Assemblies,Ethernet Patch Cables
Cable Assemblies,Fiber Optic Patch Cables
Cable Assemblies,USB Extension Cables
Cable Assemblies,Power Extension Cables
Cable Assemblies,Shielded Sensor Cables
Cable Assemblies,Shielded Ethernet Cables
Cable Assemblies,HVAC Cables
Cable Assemblies,Industrial High-Voltage Cables
Cable Assemblies,Automotive Sensor Cables
Cable Assemblies,Medical Device Cables
Cable Assemblies,Weatherproof Cables
Cable Assemblies,Temperature-Resistant Cables
Cable Assemblies,Cat5e Ethernet Cables
Cable Assemblies,Cat6 Ethernet Cables
Cable Assemblies,Cat6a Ethernet Cables
Cable Assemblies,Cat7 Ethernet Cables
Cable Assemblies,Micro-USB Cables
Cable Assemblies,HDMI Cables
Cable Assemblies,Camera Ribbon Cables
Cable Assemblies,Power Cables
Cable Assemblies,
Cable Assemblies,
Cable Assemblies,
Cable Assemblies,
Cable Assemblies,
Cable Assemblies,
Cable Assemblies,
Cable Assemblies,
Cable Assemblies,
Cable Assemblies,
Cable Assemblies,
Cable Assemblies,
Cable Assemblies,
Cable Assemblies,
Cable Assemblies,
Cable Assemblies,
Cable Assemblies,
Cable Assemblies,
Cable Assemblies,
Cable Assemblies,
Cable Assemblies,
Cable Assemblies,
Cable Assemblies,
Cable Assemblies,
Cable Assemblies,
Cable Assemblies,
Cable Assemblies,
Cable Assemblies,
Cable Assemblies,
Cable Assemblies,
Cable Assemblies,
Cable Assemblies,
Cable Assemblies,
Cable Assemblies,
Cable Assemblies,
Cable Assemblies,
Cable Assemblies,
Cable Assemblies,
Cable Assemblies,
Cable Assemblies,
Cable Assemblies,
Cable Assemblies,
Cable Assemblies,
Cable Assemblies,
Cable Assemblies,
Cable Assemblies,
Cable Assemblies,
Cable Assemblies,
Cable Assemblies,
Cable Assemblies,
Cable Assemblies,
Cable Assemblies,
Cable Assemblies,
Cable Assemblies,
Cable Assemblies,
Cable Assemblies,
Cable Assemblies,
Cable Assemblies,
Cable Assemblies,
Cable Assemblies,
Cable Assemblies,
Cable Assemblies,
Cable Assemblies,
Cable Assemblies,
Cable Assemblies,
Cable Assemblies,
Cable Assemblies,
Cable Assemblies,
Cable Assemblies,
Cable Assemblies,
Cable Assemblies,
Cable Assemblies,
Cable Assemblies,
Cable Assemblies,
Cable Assemblies,
Cable Assemblies,
Cable Assemblies,
Cable Assemblies,
Cable Assemblies,
Cable Assemblies,
Cable Assemblies,
Cable Assemblies,
Cable Assemblies,
Cable Assemblies,
Cable Assemblies,
Cable Assemblies,
Cable Assemblies,
Cable Assemblies,
Cable Assemblies,
Cable Assemblies,
Cable Assemblies,
Cable Assemblies,
Cable Assemblies,
Cable Assemblies,
Cable Assemblies,
Cable Assemblies,
Cable Assemblies,
Cable Assemblies,
Cable Assemblies,
Cable Assemblies,
Cable Assemblies,
Cable Assemblies,
Cable Assemblies,
Cable Assemblies,
Cable Assemblies,
Cable Assemblies,
Cable Assemblies,
Cable Assemblies,
Cable Assemblies,
Cable Assemblies,
Cable Assemblies,
Cable Assemblies,
Cable Assemblies,
Cable Assemblies,
Cable Assemblies,
Cable Assemblies,
Cable Assemblies,
Cable Assemblies,
Cable Assemblies,
Cable Assemblies,
Cable Assemblies,
Cable Assemblies,
Cable Assemblies,
Cable Assemblies,
Cable Assemblies,
Cable Assemblies,
Cable Assemblies,
Cable Assemblies,
Cable Assemblies,
Cable Assemblies,
Cable Assemblies,
Cable Assemblies,
Cable Assemblies,
Cable Assemblies,
Cable Assemblies,
Cable Assemblies,
Cable Assemblies,
Cable Assemblies,
Cable Assemblies,
Control Systems,Controllers - Accessories
Control Systems,Controllers - Cable Assemblies
Control Systems,"Controllers - Liquid, Level"
Control Systems,Controllers - Machine Safety
Control Systems,Controllers - PLC Modules
Control Systems,"Controllers - Process, Temperature"
Control Systems,"Controllers - Programmable (PLC, PAC)"
Control Systems,Human Machine Interface (HMI) - Accessories
Control Systems,Human Machine Interface (HMI)
Control Systems,Industrial Equipment
Control Systems,Liquid Filtration
Control Systems,Machine Safety - Laser Scanners
Control Systems,Machine Safety - Light Curtains
Control Systems,Machine Vision - Cameras/Sensors
Control Systems,Machine Vision - Lighting
Control Systems,Monitor - Current
Control Systems,Monitor - Relay Output
Control Systems,Panel Meters - Accessories
Control Systems,"Panel Meters - Counters, Hour Meters"
Control Systems,Panel Meters
Control Systems,"Pneumatics, Hydraulics - Valves and Control"
Control Systems,Protection Relays & Systems
Control Systems,Robotics - Robots
Control Systems,Specialized
Control Systems,"Stackable Tower Lighting, Beacons, and Components"
Control Systems,Time Delay Relays
Control Systems,Voltage Transducer
Control Systems,Programmable Controllers
Control Systems,Machine Safety Controllers
Control Systems,Process Temperature Controllers
Control Systems,Home Automation Hub
Control Systems,Building Management System (BMS)
Control Systems,Industrial Control System (ICS)
Control Systems,Supervisory Control and Data Acquisition (SCADA)
Control Systems,PLC (Programmable Logic Controllers)
Control Systems,SCADA (Supervisory Control and Data Acquisition)
Control Systems,HMI (Human-Machine Interface)
Control Systems,DCS (Distributed Control System)
Control Systems,PID Controllers
Control Systems,real-time control system
Control Systems,building management system
Control Systems,robotic control system
Control Systems,embedded control system
Control Systems,PID control system
Control Systems,distributed control system
Control Systems,Programmable Logic Controllers (PLCs)
Control Systems,Distributed Control Systems (DCS)
Control Systems,Supervisory Control and Data Acquisition (SCADA) Systems
Control Systems,Building Management Systems (BMS)
Control Systems,Industrial Control Systems (ICS)
Control Systems,Embedded Control Systems
Control Systems,Centralized Control Systems
Control Systems,Decentralized Control Systems
Control Systems,Motion Control Systems
Control Systems,Process Control Systems
Control Systems,Networked Control Systems
Control Systems,Temperature Controllers
Control Systems,Pressure Controllers
Control Systems,Level Controllers
Control Systems,Flow Controllers
Control Systems,Electrical Control Panels
Control Systems,Remote Terminal Units (RTUs)
Control Systems,Data Acquisition Systems
Control Systems,Control and Monitoring Systems for Automation
Control Systems,Batch Control Systems
Control Systems,Asset Management Systems
Control Systems,Control Room Consoles
Control Systems,Fault Detection and Diagnosis Systems
Control Systems,Real-Time Control Systems
Control Systems,Feedback Control Systems
Control Systems,Feedforward Control Systems
Control Systems,Safety Instrumented Systems (SIS)
Control Systems,Energy Management Systems (EMS)
Control Systems,Environmental Control Systems
Control Systems,Process Safety Management Systems
Control Systems,Remote Control Systems
Control Systems,Smart Grid Control Systems
Control Systems,Advanced Process Control Systems (APC)
Control Systems,Automation Controllers
Control Systems,Human-Machine Interface (HMI) Systems
Control Systems,Control Software Platforms
Control Systems,Command and Control Systems
Control Systems,Control System Integration Platforms
Control Systems,Control System Simulation Tools
Control Systems,
Control Systems,
Control Systems,
Control Systems,
Control Systems,
Control Systems,
Control Systems,
Control Systems,
Control Systems,
Control Systems,
Control Systems,
Control Systems,
Control Systems,
Control Systems,
Control Systems,
Control Systems,
Control Systems,
Control Systems,
Control Systems,
Control Systems,
Control Systems,
Control Systems,
Control Systems,
Control Systems,
Control Systems,
Control Systems,
Control Systems,
Control Systems,
Control Systems,
Control Systems,
Control Systems,
Control Systems,
Control Systems,
Control Systems,
Control Systems,
Control Systems,
Control Systems,
Control Systems,
Control Systems,
Control Systems,
Control Systems,
Control Systems,
Control Systems,
Control Systems,
Control Systems,
Control Systems,
Control Systems,
Control Systems,
Control Systems,
Control Systems,
Control Systems,
Control Systems,
Control Systems,
Control Systems,
Control Systems,
Control Systems,
Control Systems,
Control Systems,
Control Systems,
Control Systems,
Control Systems,
Control Systems,
Control Systems,
Control Systems,
Control Systems,
Control Systems,
Control Systems,
Control Systems,
Control Systems,
Control Systems,
Control Systems,
Control Systems,
Control Systems,
Control Systems,
Control Systems,
Control Systems,
Control Systems,
Control Systems,
Control Systems,
Control Systems,
Control Systems,
Control Systems,
Control Systems,
Control Systems,
Control Systems,
Control Systems,
Control Systems,
Control Systems,
Control Systems,
Control Systems,
Control Systems,
Control Systems,
Control Systems,
Control Systems,
Control Systems,
Control Systems,
Control Systems,
Control Systems,
Control Systems,
Control Systems,
Control Systems,
Control Systems,
Control Systems,
Control Systems,
Control Systems,
Control Systems,
Control Systems,
Control Systems,
Control Systems,
Control Systems,
Control Systems,
Control Systems,
Control Systems,
Control Systems,
Control Systems,
Control Systems,
Control Systems,
Control Systems,
Control Systems,
Control Systems,
Control Systems,
Control Systems,
Control Systems,
Control Systems,
Control Systems,
Control Systems,
Control Systems,
Control Systems,
Control Systems,
Control Systems,
Control Systems,
Control Systems,
Control Systems,
Control Systems,
Control Systems,
Control Systems,
Control Systems,
Control Systems,
Control Systems,
 Connectors,Backplane Connectors
 Connectors,Banana Connectors
 Connectors,Barrel
 Connectors,Between Series Adapters
 Connectors,Blade Type Power Connectors
 Connectors,Card Edge Connectors
 Connectors,Circular Connectors
 Connectors,Coaxial Connectors (RF)
 Connectors,Contacts
 Connectors,D-Shaped Connectors - Centronics
 Connectors,D-Sub Connectors
 Connectors,FFC Connectors
 Connectors,Heavy Duty Connectors
 Connectors,Keystone
 Connectors,LGH Connectors
 Connectors,Modular Connectors
 Connectors,Photovoltaic (Solar Panel) Connectors
 Connectors,Pluggable Connectors
 Connectors,Power Entry Connectors
 Connectors,Rectangular Connectors
 Connectors,"Shunts, Jumpers"
 Connectors,Sockets for ICs
 Connectors,Solid State Lighting Connectors
 Connectors,Terminal Blocks
 Connectors,Terminal Junction Systems
 Connectors,Terminal Strips and Turret Boards
 Connectors,Terminals
 Connectors,USB Connectors
 Connectors,Transistors
 Connectors,FPC
 Connectors,HDMI Connectors
 Connectors,DVI Connectors
 Connectors,D-Shaped Connectors
 Connectors,Tip Connectors
 Connectors,Barrel connectors
 Connectors,DC jacks
 Connectors,IEC C13/C14 connectors
 Connectors,RJ45 connectors
 Connectors,VGA connectors
 Connectors,Serial connectors
 Connectors,SIM card connectors
 Connectors,SD card connectors
 Connectors,Antenna connectors
 Connectors,GPIO connectors
 Connectors,Micro-USB connectors
 Connectors,Mini-USB connectors
 Connectors,Type-C connectors
 Connectors,Lightning connectors
 Connectors,GPIO
 Connectors,Waterproof connectors
 Connectors,Dustproof connectors
 Connectors,High-temperature connectors
 Connectors,Low-temperature connectors
 Connectors,Heavy-duty connectors
 Connectors,Explosion-proof
 Connectors,Vibration-resistant connectors
 Connectors,Power Connectors
 Connectors,Ethernet Connectors
 Connectors,PCB Connectors
 Connectors,SMA Connectors
 Connectors,DB9 Connectors
 Connectors,4G LTE HAT
 Connectors,USB Type-A
 Connectors,USB Type-B
 Connectors,USB Type-C
 Connectors,Ethernet RJ45
 Connectors,Telephone RJ11
 Connectors,RJ11 Connectors
 Connectors,HDMI Connectors
 Connectors,Mini HDMI
 Connectors,Standard HDMI
 Connectors,Micro-USB Connectors
 Connectors,DIN Connectors
 Connectors,5-Pin DIN
 Connectors,8-Pin DIN
 Connectors,M12 Connectors
 Connectors,M12 X-Coded
 Connectors,M12 A-Coded
 Connectors,BNC Connectors
 Connectors,BNC Coaxial
 Connectors,JST Connectors
 Connectors,JST PH
 Connectors,JST XH
 Connectors,Flexible Printed Circuit
 Connectors,Flexible Flat Cable
 Connectors,RF Connectors
 Connectors,SMA Connectors
 Connectors,U.FL Connectors
 Connectors,Screw Terminal Blocks
 Connectors,Power Connectors
 Connectors,Barrel Connectors
 Connectors,DC Power Jack
 Connectors,Micro-MaTch Connectors
 Connectors,Locking Mechanism
 Connectors,GPIO Header Connectors
 Connectors,
 Connectors,
 Connectors,
 Connectors,
 Connectors,
 Connectors,
 Connectors,
 Connectors,
 Connectors,
 Connectors,
 Connectors,
 Connectors,
 Connectors,
 Connectors,
 Connectors,
 Connectors,
 Connectors,
 Connectors,
 Connectors,
 Connectors,
 Connectors,
 Connectors,
 Connectors,
 Connectors,
 Connectors,
 Connectors,
 Connectors,
 Connectors,
 Connectors,
 Connectors,
 Connectors,
 Connectors,
 Connectors,
 Connectors,
 Connectors,
 Connectors,
 Connectors,
 Connectors,
 Connectors,
 Connectors,
 Connectors,
 Connectors,
 Connectors,
 Connectors,
 Connectors,
 Connectors,
 Connectors,
 Connectors,
 Connectors,
 Connectors,
 Connectors,
 Connectors,
 Connectors,
 Connectors,
 Connectors,
 Connectors,
 Connectors,
 Connectors,
 Connectors,
 Connectors,
 Connectors,
 Connectors,
 Connectors,
 Connectors,
 Connectors,
 Connectors,
 Connectors,
 Connectors,
 Connectors,
 Connectors,
 Connectors,
 Connectors,
 Connectors,
 Connectors,
 Connectors,
 Connectors,
 Connectors,
 Connectors,
 Connectors,
 Connectors,
 Connectors,
 Connectors,
 Connectors,
 Connectors,
 Connectors,
 Connectors,
 Connectors,
 Connectors,
 Connectors,
 Connectors,
 Connectors,
 Connectors,
 Connectors,
 Connectors,
 Connectors,
 Connectors,
 Connectors,
 Connectors,
 Connectors,
 Connectors,
 Connectors,
 Connectors,
 Connectors,
 Connectors,
 Connectors,
 Connectors,
 Connectors,
 Connectors,
 Connectors,
 Connectors,
 Connectors,
 Connectors,
 Connectors,
 Connectors,
 Connectors,
 Connectors,
 Connectors,
 Connectors,
 Connectors,
 Connectors,
 Connectors,
 Connectors,
 Connectors,
 Connectors,
 Connectors,
 Connectors,
 Connectors,
 Connectors,
Wireless,Wi-Fi
Wireless,Bluetooth
Wireless,RFID 
Wireless,LoRa
Wireless,Zigbee
Wireless,NB-IoT (Narrowband IoT)
Wireless,GSM 
Wireless,GPRS 
Wireless,GPS
Wireless,NFC 
Wireless,Radio Frequency
Wireless,ESP Module
Wireless,Beacon
Wireless, NRF24L01
Wireless,Smart Products
Wireless,Wireless IoT Gateway
Wireless,Wireless Temperature Sensor
Wireless,Wireless Security System
Wireless,Wireless Charger
Wireless,Wireless Headphones
Wireless,Wireless Gaming Controller
Wireless,Wireless Print Server
Wireless,WiFi Switch
Wireless,GPS Modules
Wireless,Bluetooth Low Energy
Wireless,Wireless Speaker
Wireless,Wireless Gateway
Wireless,Z-Wave
Wireless,Ultra-Wideband
Wireless,Thread
Wireless,Sigfox
Wireless,EnOcean
Wireless,Narrowband IoT
Wireless,GSM
Wireless,LTE
Wireless,5G
Wireless,Wi-Fi HaLow
Wireless,Cellular
Wireless,ESP8266
Wireless,ESP-CAM
Wireless,ESP32
Wireless,cellular module
Wireless,WizFi250
Wireless,HC-05
Wireless,HC-06
Wireless,BLE Modules
Wireless,Xbee Series 1
Wireless,Xbee Series 2
Wireless,Digi Xbee Zigbee
Wireless,SX1278
Wireless,RFM95W
Wireless,HopeRF RFM69
Wireless,PN532
Wireless,NFC Modules
Wireless,ST25R3911B
Wireless,SIM800
Wireless,RC522
Wireless,SIM900
Wireless,LTE Cat M1/NB-IoT Modules
Wireless,NRF905
Wireless,RFM12B
Wireless,SX1231
Wireless,NEO-6M
Wireless,MTK3339
Wireless,u-blox NEO-M8
Wireless,TSOP38238
Wireless,Vishay TSOP4840
Wireless,Sharp GP2Y0A21YK0
Wireless,MFRC522
Wireless,RDM6300
Wireless,Sub-1 GHz RF Transceivers
Wireless,Wi-Fi Routers
Wireless,Bluetooth Beacons
Wireless,Z-Wave Modules
Wireless,Sigfox Modules
Wireless,Satellite Communication Modules
Wireless,Wi-Fi Range Extenders
Wireless,Mesh Network Nodes
Wireless,RFID (Radio Frequency Identification) Modules
Wireless,Inertial Measurement Units (IMUs) with Wireless Connectivity
Wireless,Wireless Audio Transmitters
Wireless,Wireless Video Transmitters
Wireless,Wireless Sensor Nodes
Wireless,Wireless Charging Pads
Wireless,Wireless Network Interface Cards (NICs)
Wireless,Wireless Gateways
Wireless,Wireless Access Points
Wireless,Wireless Microcontrollers
Wireless,Smart Home Hubs with Wireless Connectivity
Wireless,Wireless Relays
Wireless,Wireless IoT Gateways
Wireless,Wireless Data Loggers
Wireless,Wireless Environmental Monitors
Wireless,Wireless Asset Trackers
Wireless,Cellular Modems
Wireless,
Wireless,
Wireless,
Wireless,
Wireless,
Wireless,
Wireless,
Wireless,
Wireless,
Wireless,
Wireless,
Wireless,
Wireless,
Wireless,
Wireless,
Wireless,
Wireless,
Wireless,
Wireless,
Wireless,
Wireless,
Wireless,
Wireless,
Wireless,
Wireless,
Wireless,
Wireless,
Wireless,
Wireless,
Wireless,
Wireless,
Wireless,
Wireless,
Wireless,
Wireless,
Wireless,
Wireless,
Wireless,
Wireless,
Wireless,
Wireless,
Wireless,
Wireless,
Wireless,
Wireless,
Wireless,
Wireless,
Wireless,
Wireless,
Wireless,
Wireless,
Wireless,
Wireless,
Wireless,
Wireless,
Wireless,
Wireless,
Wireless,
Wireless,
Wireless,
Wireless,
Wireless,
Wireless,
Wireless,
Wireless,
Wireless,
Wireless,
Wireless,
Wireless,
Wireless,
Wireless,
Wireless,
Wireless,
Wireless,
Wireless,
Wireless,
Wireless,
Wireless,
Wireless,
Wireless,
Wireless,
Wireless,
Wireless,
Wireless,
Wireless,
Wireless,
Wireless,
Wireless,
Wireless,
Wireless,
Wireless,
Wireless,
Wireless,
Wireless,
Wireless,
Wireless,
Wireless,
Wireless,
Wireless,
Wireless,
Wireless,
Wireless,
Wireless,
Wireless,
Wireless,
Wireless,
Wireless,
Wireless,
Wireless,
Wireless,
Wireless,
Wireless,
Wireless,
Wireless,
Wireless,
Wireless,
Wireless,
Wireless,
Wireless,
Wireless,
Wireless,
Wireless,
Wireless,
Wireless,
Wireless,
Wireless,
Wireless,
Wireless,
Electromechanical,Audio
Electromechanical,Fans
Electromechanical,Industrial Automation and Controls
Electromechanical,"Motors, Solenoids, Driver"
Electromechanical,Relays
Electromechanical,Switches
Electromechanical,Motors
Electromechanical,Servos
Electromechanical,Transformers
Electromechanical,Servo Motors
Electromechanical,Stepper Motors
Electromechanical,Solenoids
Electromechanical,Linear Actuators
Electromechanical,Gear Motors
Electromechanical,Electromagnetic Valves
Electromechanical,Encoders
Electromechanical,Position Sensors
Electromechanical,Battery Management Systems
Electromechanical,Data Acquisition Systems
Electromechanical,
Electromechanical,
Electromechanical,
Electromechanical,
Electromechanical,
Electromechanical,
Electromechanical,
Electromechanical,
Electromechanical,
Electromechanical,
Electromechanical,
Electromechanical,
Electromechanical,
Electromechanical,
Electromechanical,
Electromechanical,
Electromechanical,
Electromechanical,
Electromechanical,
Electromechanical,
Electromechanical,
Electromechanical,
Electromechanical,
Electromechanical,
Electromechanical,
Electromechanical,
Electromechanical,
Electromechanical,
Electromechanical,
Electromechanical,
Electromechanical,
Electromechanical,
Electromechanical,
Electromechanical,
Electromechanical,
Electromechanical,
Electromechanical,
Electromechanical,
Electromechanical,
Electromechanical,
Electromechanical,
Electromechanical,
Electromechanical,
Electromechanical,
Electromechanical,
Electromechanical,
Electromechanical,
Electromechanical,
Electromechanical,
Electromechanical,
Electromechanical,
Electromechanical,
Electromechanical,
Electromechanical,
Electromechanical,
Electromechanical,
Electromechanical,
Electromechanical,
Electromechanical,
Electromechanical,
Electromechanical,
Electromechanical,
Electromechanical,
Electromechanical,
Electromechanical,
Electromechanical,
Electromechanical,
Electromechanical,
Electromechanical,
Electromechanical,
Electromechanical,
Electromechanical,
Electromechanical,
Electromechanical,
Electromechanical,
Electromechanical,
Electromechanical,
Electromechanical,
Electromechanical,
Electromechanical,
Electromechanical,
Electromechanical,
Electromechanical,
Electromechanical,
Electromechanical,
Electromechanical,
Electromechanical,
Electromechanical,
Electromechanical,
Electromechanical,
Electromechanical,
Electromechanical,
Electromechanical,
Electromechanical,
Electromechanical,
Electromechanical,
Electromechanical,
Electromechanical,
Electromechanical,
Electromechanical,
Electromechanical,
Electromechanical,
Electromechanical,
Electromechanical,
Electromechanical,
Electromechanical,
Electromechanical,
Electromechanical,
Electromechanical,
Electromechanical,
Electromechanical,
Electromechanical,
Electromechanical,
Electromechanical,
Electromechanical,
Electromechanical,
Electromechanical,
Electromechanical,
Electromechanical,
Electromechanical,
Electromechanical,
Electromechanical,
Electromechanical,
Electromechanical,
Electromechanical,
Electromechanical,
Electromechanical,
Electromechanical,
Electromechanical,
Electromechanical,
Electromechanical,
Electromechanical,
Electromechanical,
Electromechanical,
Electromechanical,
Electromechanical,
Electromechanical,
Electromechanical,
Electromechanical,
Electromechanical,
Electromechanical,
Electromechanical,
Electromechanical,
Electromechanical,
Electromechanical,
Electromechanical,
Electromechanical,
Electromechanical,
Electromechanical,
Electromechanical,
Electromechanical,
Electromechanical,
Electromechanical,
Electromechanical,
Electromechanical,
Electromechanical,
Electromechanical,
Electromechanical,
Electromechanical,
Electromechanical,
Electromechanical,
Electromechanical,
Electromechanical,
Electromechanical,
Electromechanical,
Electromechanical,
Electromechanical,
Electromechanical,
Electromechanical,
Electromechanical,
Electromechanical,
Electromechanical,
Electromechanical,
Electromechanical,
Electromechanical,
Electromechanical,
Electromechanical,
Electromechanical,
Electromechanical,
Electromechanical,
Electromechanical,
Electromechanical,
Electromechanical,
Electromechanical,
Electromechanical,
Electromechanical,
Electromechanical,
Electromechanical,
Electromechanical,
Electromechanical,
Electromechanical,
Electromechanical,
Electromechanical,
Electromechanical,
Electromechanical,
Electromechanical,
Electromechanical,
Electromechanical,
Electromechanical,
Electromechanical,
Electromechanical,
Electromechanical,
Electromechanical,
Electromechanical,
 Sensors,Sensor Kits
 Sensors,Distance Sensors
 Sensors,Temperature Sensor
 Sensors,Gas Sensor
 Sensors,pH sensors
 Sensors,Accelerometer
 Sensors,Force Sensors
 Sensors,Pressure Sensors
 Sensors,IR Proximity Sensors
 Sensors,Biomedical Sensors
 Sensors,Light Sensor
 Sensors,Current Sensor
 Sensors,Magnetic Sensor
 Sensors,Gyroscope
 Sensors,Proximity
 Sensors,Touch Sensors
 Sensors,Vibration Sensor
 Sensors,Voltage Sensor
 Sensors,Flow sensors
 Sensors,Load Sensors
 Sensors,Flex Sensors
 Sensors,Motion Sensors
 Sensors,Turbidity sensors
 Sensors,Camera Sensor
 Sensors,Colour Sensor
 Sensors,Ambient Light Sensors
 Sensors,IR Sensors
 Sensors,UV Sensors
 Sensors,Specialized Sensors
 Sensors,Hall Effect Sensor
 Sensors,Tilt Sensor
 Sensors,High Sensitivity Vibration Sensor Module
 Sensors,MPR121 - 12 Channel Capacitive Touch Sensor Controller Module - I2C Interface
 Sensors,TTP226 8-Channel Capacitive Touch Pad Sensor
 Sensors,BMP180 Pressure Sensor Module
 Sensors,TTP223 Touch Switch Module
 Sensors,TTP223B Capacitive Touch Sensor Module
 Sensors,TTP229 16 Channel Capacitive Touch Module
 Sensors,KY-036 Metal Touch Sensor
 Sensors,MPX10DP Differential Pressure Sensor
 Sensors,BME/BMP 280 Temperature Sensor Module
 Sensors,BME680 Temperature Sensor Module
 Sensors,DHT11 Module with ESP8266
 Sensors,Witty Fox - SI7021 Humidity Temperature Sensor Breakout Board
 Sensors,MLX90614ESF Infrared IR Temperature Sensor Module
 Sensors,W1209 Digital Temperature Controller Thermostat Module
 Sensors,DHT11 Temperature Sensor Module
 Sensors,10K Thermistor Temperature Sensor Module
 Sensors,XH-W1219 12V Digital Temperature Controller
 Sensors,DS18B20 Waterproof Digital Thermometer Sensor Probe
 Sensors,DHT22 Humidity and Temperature Sensor Module (AM2302)
 Sensors,DC 3-5V MAX6675 Module + K Type Thermocouple Temperature Sensor 
 Sensors,XK-W2001 Adjustable Temperature Controller Socket
 Sensors,XH-W3001 DC 12V 120W Digital Display LED Temperature Controller
 Sensors,ZFX-13001 12V DC High Precision Capacitive Humidity Controller
 Sensors,ASAIR Temperature & Humidity Sensor
 Sensors,XH-W3001 24V 240W Digital Thermostat Switch
 Sensors,DHT22 Temperature Sensor
 Sensors,100K Ohm NTC 3950 Thermistor
 Sensors,Acrylic Case for XH-W1209 Temperature Controller
 Sensors,MH13001 10A 220V Mini Digital Air Humidity Control Controller
 Sensors,DIY Peltier Cooling System Kit with TEC 12706 Peltier
 Sensors,TEC1 12706 Peltier Module
 Sensors,XM-18 Mini Digital Automatic Egg Incubator
 Sensors,TEC1-12715 Peltier Module
 Sensors,Thermoelectric Peltier Refrigeration Cooling System DIY Kit
 Sensors,10K Temperature Sensor (Thermistor)
 Sensors,12V STC-3028 Dual Digital Thermostat Temperature Humidity Control
 Sensors,LM35 Temperature Sensor
 Sensors,Mini Digital Thermometer Humidity Hygrometer
 Sensors,10A 220V Mini Digital Air Humidity Controller
 Sensors,LM35 Sensor Module
 Sensors,Humidity Sensor
 Sensors,Pressure Sensor
 Sensors,Proximity Sensor
 Sensors,Motion Sensor
 Sensors,Soil Moisture Sensor
 Sensors,Ultrasonic Sensor
 Sensors,Heart Rate Sensor
 Sensors,Accelerometer Sensor
 Sensors,Gyroscope Sensor
 Sensors,Water Quality Sensor
 Sensors,RFID Sensor
 Sensors,Sound Sensor
 Sensors,Carbon Dioxide Sensor
 Sensors,CO Sensor
 Sensors,Air quality sensors
 Sensors,Cameras
 Sensors,Fire Sensor
 Sensors,Smoke Sensor
 Sensors,Chemical sensors
 Sensors,Electric current sensors
 Sensors,Gyroscopes
 Sensors,Humidity sensors
 Sensors,Level sensors
 Sensors,hydraulic actuators
 Sensors,soil moisture sensors
 Sensors,Gas Leak Detector
 Sensors,Smoke Detector
 Sensors,PIR Motion Sensor
 Sensors,Light Dependent Resistor (LDR)
 Sensors,Magnetometer
 Sensors,Touch Sensor
 Sensors,Water Flow Sensor
 Sensors,Heartbeat Sensor
 Sensors,Rotary Encoder
 Sensors,Tachometer
 Sensors,Ultrasonic Sensors
 Sensors,Color Sensors
 Sensors,O2 Sensors
 Sensors,AC Current Sensors
 Sensors,RPM Sensors
 Sensors,Water Temp Sensors
 Sensors,Water Detection Sensors
 Sensors,Water Sensor Alarm
 Sensors,Water Pressure Sensors
 Sensors,ABS Speed Sensors
 Sensors,ABS Wheel Speed Sensors
 Sensors,Hall Effect Sensors
 Sensors,Wearable Sensors
 Sensors,Driveway Sensors
 Sensors,Inductive Sensors
 Sensors,Environmental Sensors
 Sensors,Camera Sensors
 Sensors,Vibrometer Sensor
 Sensors,Lidar Sensors
 Sensors,Barometric Sensors
 Sensors,Angle Sensors
 Sensors,Capacitive Sensors
 Sensors,Catalytic Converter Sensors
 Sensors,Knock Sensors
 Sensors,Optical Sensors
 Sensors,Precision Sensors
 Sensors,Engine Sensors
 Sensors,Weight Sensors
 Sensors,Accelerator Pedal Sensors
 Sensors,Magnetic Sensors
 Sensors,Wireless Sensors
 Sensors,Laser Sensors
 Sensors,Remote Thermostat Sensors
 Sensors,Thermal Sensors
 Sensors,Elderly Monitoring Sensors
 Sensors,Reversing Sensors
 Sensors,Photoelectric Sensors
 Sensors,Wind Speed Sensors
 Sensors,Flood Sensors
 Sensors,Sonar Sensors
 Sensors,Ultrasonic Proximity Sensors
 Sensors,Heat Sensors
 Sensors,Remote Sensors
 Sensors,Radar Sensors
 Sensors,RV Tank Sensors
 Sensors,Backup Sensors
 Sensors,Parking Sensors System
 Sensors,LM35 temperature sensors
 Sensors,Bluetooth temperature sensors
 Sensors,USB temperature sensors
 Sensors,Digital temp sensors
 Sensors,Nest sensors
 Sensors,Nest temperature sensor
 Sensors,Nest thermostat sensors
 Sensors,Battery temperature sensors
 Sensors,Nest room sensors
 Sensors,Accelerometer Sensors
 Sensors,Gyrometer Sensors
 Sensors,Chemical field-effect transistor
 Sensors,Chemiresistor
 Sensors,Electrochemical gas sensor
 Sensors,Fluorescent chloride sensors
 Sensors,Hydrogen sulfide sensor
 Sensors,Nondispersive infrared sensor
 Sensors,pH glass electrode
 Sensors,Potentiometric sensor
 Sensors,Zinc oxide nanorod sensor
 Sensors,Breathalyzer
 Sensors,Carbon monoxide detector
 Sensors,Catalytic bead sensor
 Sensors,Hydrogen sensor
 Sensors,Air pollution sensor
 Sensors,Nitrogen oxide sensor
 Sensors,Oxygen sensor
 Sensors,Ozone monitor
 Sensors,Gas detector
 Sensors,Hygrometer
 Sensors,Gyroscope sensors
 Sensors,NPK Sensors
 Sensors,CO2 Sensor
 Sensors,DHT11 Temperature
 Sensors,BMP280 Pressure 
 Sensors,BME280 Temperature
 Sensors,Ultrasonic Distance Sensor
 Sensors,DHT11
 Sensors,SHT31
 Sensors,DHT22
 Sensors,VOC sensor
 Sensors,PM2.5 sensor
 Sensors,pH sensor 
 Sensors,conductivity sensor
 Sensors,turbidity sensor
 Sensors,infrared sensor
 Sensors,LiDAR sensor
 Sensors,moisture sensor
 Sensors,Semiconductor Sensors
 Sensors,Electrochemical Sensors
 Sensors,Radiation Sensors
 Sensors,Leaf Wetness Sensors
 Sensors,Water Temperature Sensors
 Sensors,Soil pH Sensors
 Sensors,Wind Chill Sensors
 Sensors,Dew Point Sensors
 Sensors,Hydrostatic Pressure Sensors
 Sensors,Streamflow Sensors
 Sensors,Evapotranspiration Sensors
 Sensors,Biological Oxygen Demand (BOD) Sensors
 Sensors,Chemical Oxygen Demand (COD) Sensors
 Sensors,Conductivity Sensors
 Sensors,Soil Nutrient Sensors
 Sensors,Stormwater Sensors
 Sensors,Thermocouples
 Sensors,Heat Flow Sensors
 Sensors,Air Velocity Sensors
 Sensors,Water Level Sensors
 Sensors,Soil Compaction Sensors
Drone,Drone Frames
Drone,Lipo Batteries
Drone,Drone Remotes
Drone,Drone Motors
Drone,Drone Controllers
Drone,ESC for Drones
Drone,Drone Propellers
Drone,DIY Drones Kits
Drone,Drone Accessories
Drone,Racing Drone
Drone,Surveying Drone
Drone,Agricultural Drone
Drone,Delivery Drone
Drone,Inspection Drone
Drone,Military Drone
Drone,Educational Drone
Drone,Search and Rescue Drone
Drone,Quadcopters
Drone,Hexacopters
Drone,Drone Control Systems
Drone,GPS Modules for Drones
Drone,FPV (First-Person View) Systems
Drone,Multirotor Drones
Drone,Octocopter
Drone,Fixed-Wing Drones
Drone,Conventional Fixed-Wing
Drone,Hybrid Fixed-Wing VTOL
Drone,Single-Rotor Drones
Drone,Helicopter Drone
Drone,Hybrid Drones
Drone,Tilt-Wing Drone
Drone,Convertible Drone
Drone,Nano Drones
Drone,Micro Drones
Drone,Surveying Drones
Drone,Mapping Drones
Drone,Agricultural Drones
Drone,Delivery Drones
Drone,Inspection Drones
Drone,Military Drones
Drone,Reconnaissance Drones
Drone,Combat Drones
Drone,FPV Racing Drones
Drone,Racing Quadcopters
Drone,Commercial Drones
Drone,Environmental Monitoring Drones
Drone,
Drone,
Drone,
Drone,
Drone,
Drone,
Drone,
Drone,
Drone,
Drone,
Drone,
Drone,
Drone,
Drone,
Drone,
Drone,
Drone,
Drone,
Drone,
Drone,
Drone,
Drone,
Drone,
Drone,
Drone,
Drone,
Drone,
Drone,
Drone,
Drone,
Drone,
Drone,
Drone,
Drone,
Drone,
Drone,
Drone,
Drone,
Drone,
Drone,
Drone,
Drone,
Drone,
Drone,
Drone,
Drone,
Drone,
Drone,
Drone,
Drone,
Drone,
Drone,
Drone,
Drone,
Drone,
Drone,
Drone,
Drone,
Drone,
Drone,
Drone,
Drone,
Drone,
Drone,
Drone,
Drone,
Drone,
Drone,
Drone,
Drone,
Drone,
Drone,
Drone,
Drone,
Drone,
Drone,
Drone,
Drone,
Drone,
Drone,
Drone,
Drone,
Drone,
Drone,
Drone,
Drone,
Drone,
Drone,
Drone,
Drone,
Drone,
Drone,
Drone,
Drone,
Drone,
Drone,
Drone,
Drone,
Drone,
Drone,
Drone,
Drone,
Drone,
Drone,
Drone,
Drone,
Drone,
Drone,
Drone,
Drone,
Drone,
Drone,
Drone,
Drone,
Drone,
Drone,
Drone,
Drone,
Drone,
Drone,
Drone,
Drone,
Drone,
Drone,
Drone,
Drone,
Drone,
Drone,
Drone,
Drone,
Drone,
Drone,
Drone,
Drone,
Drone,
Drone,
Drone,
Drone,
Drone,
Drone,
Drone,
Drone,
Drone,
Drone,
Drone,
Drone,
Drone,
Drone,
Drone,
Drone,
Drone,
Drone,
Drone,
Drone,
Drone,
Drone,
Drone,
Drone,
Drone,
Drone,
Drone,
Drone,
Drone,
Drone,
Drone,
Drone,
Drone,
Drone,
Drone,
Drone,
Drone,
Drone,
Drone,
Drone,
Drone,
Drone,
Drone,
Electronic Components,LEDs
Electronic Components,Resistors
Electronic Components,Oscillators
Electronic Components,Diodes
Electronic Components,Potentiometer
Electronic Components,Basic Components
Electronic Components,Switches
Electronic Components,Integrated Circuits
Electronic Components,Joystick 
Electronic Components,Wires 
Electronic Components,Prototyping Boards
Electronic Components,Buzzers 
Electronic Components,Transformers
Electronic Components,Heat Sinks
Electronic Components,Keypads
Electronic Components,Sirens
Electronic Components,Connectors
Electronic Components,Capacitors
Electronic Components,Inductors
Electronic Components,Transistors
Electronic Components,ICs (Integrated Circuits)
Electronic Components,PCBs (Printed Circuit Boards)
Electronic Components,Batteries 
Electronic Components,power supplies
Electronic Components,Relays
Electronic Components,Optocouplers
Electronic Components,Crystals 
Electronic Components,Enclosures 
Electronic Components,Soldering Equipment
Electronic Components,Measurement Tools
Electronic Components,Breadboards 
Electronic Components,Wire Management 
Electronic Components,Adhesives 
Electronic Components, Housings
Electronic Components,Perfboards
Electronic Components,Cable Ties
Electronic Components,Sleeving
Electronic Components,Clips
Electronic Components,Fasteners
Electronic Components,Multimeters
Electronic Components,Logic Analyzers
Electronic Components,Oscilloscopes
Electronic Components,MOSFET
Electronic Components,BJT
Electronic Components,FET
Electronic Components,LED Displays
Electronic Components,Cooling Fans
Electronic Components,Li-ion
Electronic Components,Lead-Acid
Electronic Components,NiMH
Electronic Components,LiPo
Electronic Components,Integrated Circuits (ICs)
Electronic Components,capacitor
Electronic Components,microcontroller
Electronic Components,optoisolator
Electronic Components,relay
Electronic Components,inductor
Electronic Components,Potentiometers
Electronic Components,Crystals
Electronic Components,PCBs
Electronic Components,Fuses
Electronic Components,Voltage Regulators
Electronic Components,Rectifiers
Electronic Components,Antennas
Electronic Components,
Electronic Components,
Electronic Components,
Electronic Components,
Electronic Components,
Electronic Components,
Electronic Components,
Electronic Components,
Electronic Components,
Electronic Components,
Electronic Components,
Electronic Components,
Electronic Components,
Electronic Components,
Electronic Components,
Electronic Components,
Electronic Components,
Electronic Components,
Electronic Components,
Electronic Components,
Electronic Components,
Electronic Components,
Electronic Components,
Electronic Components,
Electronic Components,
Electronic Components,
Electronic Components,
Electronic Components,
Electronic Components,
Electronic Components,
Electronic Components,
Electronic Components,
Electronic Components,
Electronic Components,
Electronic Components,
Electronic Components,
Electronic Components,
Electronic Components,
Electronic Components,
Electronic Components,
Electronic Components,
Electronic Components,
Electronic Components,
Electronic Components,
Electronic Components,
Electronic Components,
Electronic Components,
Electronic Components,
Electronic Components,
Electronic Components,
Electronic Components,
Electronic Components,
Electronic Components,
Electronic Components,
Electronic Components,
Electronic Components,
Electronic Components,
Electronic Components,
Electronic Components,
Electronic Components,
Electronic Components,
Electronic Components,
Electronic Components,
Electronic Components,
Electronic Components,
Electronic Components,
Electronic Components,
Electronic Components,
Electronic Components,
Electronic Components,
Electronic Components,
Electronic Components,
Electronic Components,
Electronic Components,
Electronic Components,
Electronic Components,
Electronic Components,
Electronic Components,
Electronic Components,
Electronic Components,
Electronic Components,
Electronic Components,
Electronic Components,
Electronic Components,
Electronic Components,
Electronic Components,
Electronic Components,
Electronic Components,
Electronic Components,
Electronic Components,
Electronic Components,
Electronic Components,
Electronic Components,
Electronic Components,
Electronic Components,
Electronic Components,
Electronic Components,
Electronic Components,
Electronic Components,
Electronic Components,
Electronic Components,
Electronic Components,
Electronic Components,
Electronic Components,
Electronic Components,
Electronic Components,
Electronic Components,
Electronic Components,
Electronic Components,
Electronic Components,
Electronic Components,
Electronic Components,
Electronic Components,
Electronic Components,
Electronic Components,
Electronic Components,
Electronic Components,
Electronic Components,
Electronic Components,
Electronic Components,
Electronic Components,
Electronic Components,
Electronic Components,
Electronic Components,
Electronic Components,
Electronic Components,
Electronic Components,
Electronic Components,
Electronic Components,
Electronic Components,
Electronic Components,
Electronic Components,
Electronic Components,
Electronic Components,
Electronic Components,
Electronic Components,
Electronic Components,
Electronic Components,
Electronic Components,
Electronic Components,
Electronic Components,
Electronic Components,
Electronic Components,
Electronic Components,
Electronic Components,
Electronic Components,
Electronic Components,
Electronic Components,
Electronic Components,
Electronic Components,
Electronic Components,
Electronic Components,
Electronic Components,
Electronic Components,
Electronic Components,
Electronic Components,
Electronic Components,
Electronic Components,
Electronic Components,
Raspberry Pi,Boards Raspberry Pi
Raspberry Pi,Raspberry Pi Kits
Raspberry Pi,Displays Raspberry Pi
Raspberry Pi,Keyboards & Mouse
Raspberry Pi,Raspberry Pi Power Supply
Raspberry Pi,Camera Raspberry Pi
Raspberry Pi,Raspberry Pi Case
Raspberry Pi,Raspberry Pi Hats
Raspberry Pi,Raspberry Pi Cables
Raspberry Pi,SD Cards
Raspberry Pi,Raspberry Pi Accessories
Raspberry Pi,Raspberry Pi boards
Raspberry Pi,Raspberry Pi 3
Raspberry Pi,Raspberry Pi 4
Raspberry Pi,Raspberry Pi Zero
Raspberry Pi,Raspberry Pi Compute Module
Raspberry Pi,Raspberry Pi Power Supplies
Raspberry Pi,Raspberry Pi Cameras
Raspberry Pi,Raspberry Pi Cases
Raspberry Pi,Raspberry Pi Hats (add-on boards)
Raspberry Pi,Raspberry Pi Cables and Accessories
Raspberry Pi,Raspberry Pi SD Cards
Raspberry Pi,Raspberry Pi 4 Model B
Raspberry Pi,Raspberry Pi 3 Model B+
Raspberry Pi,Raspberry Pi Zero W
Raspberry Pi,Raspberry Pi 400
Raspberry Pi,Raspberry Pi Pico
Raspberry Pi,Raspberry Pi Zero 2 W
Raspberry Pi,Raspberry Pi 1 Model A
Raspberry Pi,Raspberry Pi 1 Model B
Raspberry Pi,Raspberry Pi 1 Model A+
Raspberry Pi,Raspberry Pi 1 Model B+
Raspberry Pi,Raspberry Pi 2 Model B
Raspberry Pi,Raspberry Pi 3 Model B
Raspberry Pi,Raspberry Pi Compute Module 1
Raspberry Pi,Raspberry Pi Compute Module 3
Raspberry Pi,Raspberry Pi Compute Module 3+
Raspberry Pi,Raspberry Pi Compute Module 4
Raspberry Pi,Raspberry Pi Compute Module 4 Lite
Raspberry Pi,Official Raspberry Pi Power Supply
Raspberry Pi,Raspberry Pi Camera Module V1
Raspberry Pi,Raspberry Pi Camera Module V2
Raspberry Pi,Raspberry Pi High Quality Camera
Raspberry Pi,Official Raspberry Pi Case
Raspberry Pi,Raspberry Pi Heat Sink Kit
Raspberry Pi,Raspberry Pi GPIO Extension Board
Raspberry Pi,Raspberry Pi USB Hub
Raspberry Pi,Raspberry Pi MicroSD Card
Raspberry Pi,
Raspberry Pi,
Raspberry Pi,
Raspberry Pi,
Raspberry Pi,
Raspberry Pi,
Raspberry Pi,
Raspberry Pi,
Raspberry Pi,
Raspberry Pi,
Raspberry Pi,
Raspberry Pi,
Raspberry Pi,
Raspberry Pi,
Raspberry Pi,
Raspberry Pi,
Raspberry Pi,
Raspberry Pi,
Raspberry Pi,
Raspberry Pi,
Raspberry Pi,
Raspberry Pi,
Raspberry Pi,
Raspberry Pi,
Raspberry Pi,
Raspberry Pi,
Raspberry Pi,
Raspberry Pi,
Raspberry Pi,
Raspberry Pi,
Raspberry Pi,
Raspberry Pi,
Raspberry Pi,
Raspberry Pi,
Raspberry Pi,
Raspberry Pi,
Raspberry Pi,
Raspberry Pi,
Raspberry Pi,
Raspberry Pi,
Raspberry Pi,
Raspberry Pi,
Raspberry Pi,
Raspberry Pi,
Raspberry Pi,
Raspberry Pi,
Raspberry Pi,
Raspberry Pi,
Raspberry Pi,
Raspberry Pi,
Raspberry Pi,
Raspberry Pi,
Raspberry Pi,
Raspberry Pi,
Raspberry Pi,
Raspberry Pi,
Raspberry Pi,
Raspberry Pi,
Raspberry Pi,
Raspberry Pi,
Raspberry Pi,
Raspberry Pi,
Raspberry Pi,
Raspberry Pi,
Raspberry Pi,
Raspberry Pi,
Raspberry Pi,
Raspberry Pi,
Raspberry Pi,
Raspberry Pi,
Raspberry Pi,
Raspberry Pi,
Raspberry Pi,
Raspberry Pi,
Raspberry Pi,
Raspberry Pi,
Raspberry Pi,
Raspberry Pi,
Raspberry Pi,
Raspberry Pi,
Raspberry Pi,
Raspberry Pi,
Raspberry Pi,
Raspberry Pi,
Raspberry Pi,
Raspberry Pi,
Raspberry Pi,
Raspberry Pi,
Raspberry Pi,
Raspberry Pi,
Raspberry Pi,
Raspberry Pi,
Raspberry Pi,
Raspberry Pi,
Raspberry Pi,
Raspberry Pi,
Raspberry Pi,
Raspberry Pi,
Raspberry Pi,
Raspberry Pi,
Raspberry Pi,
Raspberry Pi,
Raspberry Pi,
Raspberry Pi,
Raspberry Pi,
Raspberry Pi,
Raspberry Pi,
Raspberry Pi,
Raspberry Pi,
Raspberry Pi,
Raspberry Pi,
Raspberry Pi,
Raspberry Pi,
Raspberry Pi,
Raspberry Pi,
Raspberry Pi,
Raspberry Pi,
Raspberry Pi,
Raspberry Pi,
Raspberry Pi,
Raspberry Pi,
Raspberry Pi,
Raspberry Pi,
Raspberry Pi,
Raspberry Pi,
Raspberry Pi,
Raspberry Pi,
Raspberry Pi,
Raspberry Pi,
Raspberry Pi,
Raspberry Pi,
Raspberry Pi,
Raspberry Pi,
Raspberry Pi,
Raspberry Pi,
Raspberry Pi,
Raspberry Pi,
Raspberry Pi,
Raspberry Pi,
Raspberry Pi,
Raspberry Pi,
Raspberry Pi,
Raspberry Pi,
Raspberry Pi,
Raspberry Pi,
Raspberry Pi,
Raspberry Pi,
Raspberry Pi,
Raspberry Pi,
Raspberry Pi,
Raspberry Pi,
Raspberry Pi,
Raspberry Pi,
Raspberry Pi,
Raspberry Pi,
Raspberry Pi,
Raspberry Pi,
Raspberry Pi,
Raspberry Pi,
Raspberry Pi,
Raspberry Pi,
Raspberry Pi,
Raspberry Pi,
Raspberry Pi,
Raspberry Pi,
Raspberry Pi,
Raspberry Pi,
Raspberry Pi,
Raspberry Pi,
Raspberry Pi,
Raspberry Pi,
Raspberry Pi,
Raspberry Pi,
Raspberry Pi,
Raspberry Pi,
Development Boards,BBC Micro:Bit
Development Boards,Beagle Bone
Development Boards,Witty Fox
Development Boards,M5Stack
Development Boards,STM Boards
Development Boards,Other SBC
Development Boards,Nvidia Jetson Nano
Development Boards,8051
Development Boards,Universal Programmers
Development Boards,Accessories Development Boards
Development Boards,Teensy
Development Boards,AVR
Development Boards,PIC
Development Boards,ARM
Development Boards,BeagleBone Boards
Development Boards,ESP32 Development Boards
Development Boards,STM32 Development Boards
Development Boards,Arduino Boards
Development Boards,Arduino Uno
Development Boards,Arduino Mega
Development Boards,Arduino Nano
Development Boards,IoT Sensor Boards
Development Boards,Arduino development board
Development Boards,BeagleBone Black
Development Boards,ESP8266 development board
Development Boards,Teensy development board
Development Boards,BeagleBone Green
Development Boards,STM32 Nucleo
Development Boards,STM32 Discovery
Development Boards,Adafruit Feather
Development Boards,Adafruit Circuit Playground Express
Development Boards,Teensy 4.0
Development Boards,Teensy 3.2
Development Boards,Particle Photon
Development Boards,Particle Argon
Development Boards,Particle Boron
Development Boards,Seeed Studio XIAO
Development Boards,Seeed Studio Wio Terminal
Development Boards,Seeeduino Lotus
Development Boards,Orange Pi
Development Boards,Banana Pi
Development Boards,Tessel 2
Development Boards,Intel Galileo
Development Boards,Intel Edison
Development Boards,BBC micro
Development Boards,M5Stack Core2
Development Boards,M5Stack Basic
Development Boards,M5StickC
Development Boards,Pine64
Development Boards,Odroid-C4
Development Boards,Odroid-N2
Development Boards,Udoo Bolt
Development Boards,Udoo Neo
Development Boards,LattePanda
Development Boards,NVIDIA Jetson Xavier NX
Development Boards,Arduino MKR1000 
Development Boards,Arduino MKR GSM 1400
Development Boards,Arduino MKR WAN 1310
Development Boards,Adafruit Metro M4 Express 
Development Boards,SparkFun RedBoard
Development Boards,SparkFun Thing Plus
Development Boards,ESP32-CAM 
Development Boards,AI Thinker ESP32-CAM
Development Boards,Wemos D1 Mini
Development Boards,LilyPad Arduino 
Development Boards,Makey Makey
Development Boards,PYNQ-Z1 
Development Boards,Arduino Portenta H7 
Development Boards,NXP i.MX 8M Mini
Development Boards,Nordic nRF52840-DK
Development Boards,NodeMCU development board
Development Boards,Raspberry Pi Pico
Development Boards,
Development Boards,
Development Boards,
Development Boards,
Development Boards,
Development Boards,
Development Boards,
Development Boards,
Development Boards,
Development Boards,
Development Boards,
Development Boards,
Development Boards,
Development Boards,
Development Boards,
Development Boards,
Development Boards,
Development Boards,
Development Boards,
Development Boards,
Development Boards,
Development Boards,
Development Boards,
Development Boards,
Development Boards,
Development Boards,
Development Boards,
Development Boards,
Development Boards,
Development Boards,
Development Boards,
Development Boards,
Development Boards,
Development Boards,
Development Boards,
Development Boards,
Development Boards,
Development Boards,
Development Boards,
Development Boards,
Development Boards,
Development Boards,
Development Boards,
Development Boards,
Development Boards,
Development Boards,
Development Boards,
Development Boards,
Development Boards,
Development Boards,
Development Boards,
Development Boards,
Development Boards,
Development Boards,
Development Boards,
Development Boards,
Development Boards,
Development Boards,
Development Boards,
Development Boards,
Development Boards,
Development Boards,
Development Boards,
Development Boards,
Development Boards,
Development Boards,
Development Boards,
Development Boards,
Development Boards,
Development Boards,
Development Boards,
Development Boards,
Development Boards,
Development Boards,
Development Boards,
Development Boards,
Development Boards,
Development Boards,
Development Boards,
Development Boards,
Development Boards,
Development Boards,
Development Boards,
Development Boards,
Development Boards,
Development Boards,
Development Boards,
Development Boards,
Development Boards,
Development Boards,
Development Boards,
Development Boards,
Development Boards,
Development Boards,
Development Boards,
Development Boards,
Development Boards,
Development Boards,
Development Boards,
Development Boards,
Development Boards,
Development Boards,
Development Boards,
Development Boards,
Development Boards,
Development Boards,
Development Boards,
Development Boards,
Development Boards,
Development Boards,
Development Boards,
Development Boards,
Development Boards,
Development Boards,
Development Boards,
Development Boards,
Development Boards,
Development Boards,
Development Boards,
Development Boards,
Development Boards,
Development Boards,
Development Boards,
Development Boards,
Development Boards,
Development Boards,
Development Boards,
Development Boards,
Development Boards,
Development Boards,
Development Boards,
Development Boards,
Development Boards,
Development Boards,
Development Boards,
Development Boards,
Development Boards,
Development Boards,
Development Boards,
Development Boards,
Development Boards,
Development Boards,
Development Boards,
Development Boards,
Development Boards,
Development Boards,
Development Boards,
Development Boards,
Development Boards,
Development Boards,
Development Boards,
Device,Smart Bulb
Device,Smart Lock
Device,Smart Security Camera
Device,Smart Plug
Device,Fitness Tracker
Device,Smart Speaker
Device,Smart Smoke Detector
Device,Smart Refrigerator
Device,Smart Irrigation System
Device,Robot Vacuum
Device,Smart Doorbell
Device,Smart Air Purifier
Device,Smart Garden System
Device,Smart Coffee Maker
Device,smart thermostat
Device,smart lighting system
Device,central hub
Device,Smart Lights
Device,Smart Thermometer
Device,Smart Oven
Device,Smartwatch
Device,Smart Meter
Device,Smart Agriculture Sensor
Device,Smart City Light
Device,Smart TV
Device,Smart Alarm
Device,Smart Lamp
Device,Autonomous Vehicle
Device,Smart Toy
Device,smart car
Device,wearable devices
Device,industrial automation systems
Device,Smart Door Lock
Device,Smart Window Blinds
Device,Smart Water Leak Sensor
Device,Smart Light Bulb
Device,Smart Garage Door Opener
Device,August Doorbell Cam
Device,Footbot Air Quality Monitor
Device,Canary
Device,Nest Smoke Alarm
Device,Logitech Harmony
Device,Google Home Voice Controller
Device,Amazon Dash Button
Device,Flow Air pollution
Device,Philips Hue Bulbs
Device,Lighting System
Device,Bitdefender Box
Device,Ring Doorbell
Device,WeMo smart plug
Device,Smart washing machines
Device,Vacuum cleaners
Device,Smart toothbrush
Device,Pet finders
Device,Smart baby monitor
Device,Smart Home Devices
Device,Smartphones
Device,Tablets
Device,Smart Appliances
Device,IoT Health Devices
Device,
Device,
Device,
Device,
Device,
Device,
Device,
Device,
Device,
Device,
Device,
Device,
Device,
Device,
Device,
Device,
Device,
Device,
Device,
Device,
Device,
Device,
Device,
Device,
Device,
Device,
Device,
Device,
Device,
Device,
Device,
Device,
Device,
Device,
Device,
Device,
Device,
Device,
Device,
Device,
Device,
Device,
Device,
Device,
Device,
Device,
Device,
Device,
Device,
Device,
Device,
Device,
Device,
Device,
Device,
Device,
Device,
Device,
Device,
Device,
Device,
Device,
Device,
Device,
Device,
Device,
Device,
Device,
Device,
Device,
Device,
Device,
Device,
Device,
Device,
Device,
Device,
Device,
Device,
Device,
Device,
Device,
Device,
Device,
Device,
Device,
Device,
Device,
Device,
Device,
Device,
Device,
Device,
Device,
Device,
Device,
Device,
Device,
Device,
Device,
Device,
Device,
Device,
Device,
Device,
Device,
Device,
Device,
Device,
Device,
Device,
Device,
Device,
Device,
Device,
Device,
Device,
Device,
Device,
Device,
Device,
Device,
Device,
Device,
Device,
Device,
Device,
Device,
Device,
Device,
Device,
Device,
Device,
Device,
Device,
Device,
Device,
Device,
Device,
Device,
Device,
Device,
Device,
Device,
Device,
Device,
Device,
Device,
Device,
Device,
Device,
Device,
Device,
Device,
Device,
Device,
Device,
Device,
Device,
Device,
Device,
Device,
Device,
Networking,IoT Gateway
Networking,Router
Networking,IoT Bridge
Networking,Switches
Networking,IoT SIM cards
Networking,modems
Networking,Wireless Access Points
Networking,IoT edge devices
Networking,Firewalls
Networking,Network Adapters
Networking,Antennas
Networking,Cables
Networking,Wi-Fi routers
Networking,Ethernet routers
Networking,Ethernet switches
Networking,unmanaged switches
Networking,managed switches
Networking,cellular gateways
Networking,Wi-Fi antennas
Networking,directional antennas
Networking,omnidirectional antennas
Networking,cellular antennas
Networking,HDMI cables
Networking,power cables
Networking,mesh network
Networking,LoRaWAN gateway
Networking,VPN
Networking,5G network
Networking,F5 BIG-IP Load Balancers
Networking,Citrix ADC
Networking,Nagios
Networking,Cisco ASA Firewalls
Networking,Fortinet FortiGate Firewalls
Networking,SonicWall Firewalls
Networking,USB Network Adapters
Networking,D-Link DGS Series Switches
Networking,Netgear ProSAFE Switches
Networking,Cisco Catalyst Switches
Networking,Ubiquiti UniFi Routers
Networking,Netgear Nighthawk Routers
Networking,HPE Aruba Switches
Networking,TP-Link JetStream Switches
Networking,IoT Gateways
Networking,Cisco IoT Gateways
Networking,Advantech IoT Gateways
Networking,Siemens IoT Gateways
Networking,Dell Edge Gateway
Networking,Wi-Fi Range Extenders
Networking,Powerline Network Adapters
Networking,Mesh Network Extenders
Networking,Wireless Repeater Extenders
Networking,Ethernet Over Coax Adapters
Networking,PCI Network Adapters
Networking,Wi-Fi Adapters
Networking,Bluetooth Adapters
Networking,Fiber Optic Network Adapters
Networking,
Networking,
Networking,
Networking,
Networking,
Networking,
Networking,
Networking,
Networking,
Networking,
Networking,
Networking,
Networking,
Networking,
Networking,
Networking,
Networking,
Networking,
Networking,
Networking,
Networking,
Networking,
Networking,
Networking,
Networking,
Networking,
Networking,
Networking,
Networking,
Networking,
Networking,
Networking,
Networking,
Networking,
Networking,
Networking,
Networking,
Networking,
Networking,
Networking,
Networking,
Networking,
Networking,
Networking,
Networking,
Networking,
Networking,
Networking,
Networking,
Networking,
Networking,
Networking,
Networking,
Networking,
Networking,
Networking,
Networking,
Networking,
Networking,
Networking,
Networking,
Networking,
Networking,
Networking,
Networking,
Networking,
Networking,
Networking,
Networking,
Networking,
Networking,
Networking,
Networking,
Networking,
Networking,
Networking,
Networking,
Networking,
Networking,
Networking,
Networking,
Networking,
Networking,
Networking,
Networking,
Networking,
Networking,
Networking,
Networking,
Networking,
Networking,
Networking,
Networking,
Networking,
Networking,
Networking,
Networking,
Networking,
Networking,
Networking,
Networking,
Networking,
Networking,
Networking,
Networking,
Networking,
Networking,
Networking,
Networking,
Networking,
Networking,
Networking,
Networking,
Networking,
Networking,
Networking,
Networking,
Networking,
Networking,
Networking,
Networking,
Networking,
Networking,
Networking,
Networking,
Networking,
Networking,
Networking,
Networking,
Networking,
Networking,
Networking,
Networking,
Networking,
Networking,
Networking,
Networking,
Networking,
Networking,
Networking,
Networking,
Networking,
Networking,
Networking,
Networking,
Networking,
Networking,
Networking,
Networking,
Networking,
Networking,
Networking,
Networking,
Networking,
Networking,
Networking,
Networking,
Networking,
Networking,
Networking,
Networking,
Networking,
Networking,
Networking,
Networking,
Networking,
Networking,
Actuator,Servo Motor
Actuator,Stepper Motor
Actuator,Solenoid Valve
Actuator,Pneumatic Cylinder
Actuator,Linear Actuator
Actuator,LED Light
Actuator,Relay
Actuator,Motor
Actuator,Pump
Actuator,Valve
Actuator,Heater
Actuator,Cooler
Actuator,Hydraulic Actuators
Actuator,Pneumatic Actuators
Actuator,Electric Rotary Actuator
Actuator,Pneumatic Linear Actuator
Actuator,Pneumatic Rotary Actuator
Actuator,Piezoelectric Actuators
Actuator,Thermal Actuators
Actuator,Electrostatic Actuators
Actuator,Hybrid Actuators
Actuator,Electro-Hydraulic Actuators
Actuator,Electro-Pneumatic Actuators
Actuator,Piezo-Hydraulic Actuators
Actuator,Solenoids
Actuator,Voice Coil Actuators
Actuator,Magnetic Levitation Actuators
Actuator,Comb-Drive Actuators
Actuator,Electrostatic Motors
Actuator,Micro-Electro-Mechanical Systems (MEMS) Actuators
Actuator,Bimetallic Strips
Actuator,Shape Memory Alloys (SMAs)
Actuator,Thermoelectric Actuators
Actuator,Gears
Actuator,Linkages
Actuator,Rack
Actuator,DC Motors
Actuator,Stepper Motors
Actuator,Servo Motors
Actuator,Irrigation System
Actuator,Heating System
Actuator,Cooling System
Actuator,Ventilation System
Actuator,Water Pump
Actuator,Electric Actuators
Actuator,RGB LED 
Actuator,single-color LED
Actuator,LED strip
Actuator,Electromagnet relay
Actuator,solid-state relay
Actuator,Heating element
Actuator,PTC heater
Actuator,Peltier cooler
Actuator,fan
Actuator,LCD
Actuator,e-paper
Actuator,OLED
Actuator,servo motor actuator
Actuator,valve actuators
Actuator,pneumatic actuator
Actuator,door actuators
Actuator,
Actuator,
Actuator,
Actuator,
Actuator,
Actuator,
Actuator,
Actuator,
Actuator,
Actuator,
Actuator,
Actuator,
Actuator,
Actuator,
Actuator,
Actuator,
Actuator,
Actuator,
Actuator,
Actuator,
Actuator,
Actuator,
Actuator,
Actuator,
Actuator,
Actuator,
Actuator,
Actuator,
Actuator,
Actuator,
Actuator,
Actuator,
Actuator,
Actuator,
Actuator,
Actuator,
Actuator,
Actuator,
Actuator,
Actuator,
Actuator,
Actuator,
Actuator,
Actuator,
Actuator,
Actuator,
Actuator,
Actuator,
Actuator,
Actuator,
Actuator,
Actuator,
Actuator,
Actuator,
Actuator,
Actuator,
Actuator,
Actuator,
Actuator,
Actuator,
Actuator,
Actuator,
Actuator,
Actuator,
Actuator,
Actuator,
Actuator,
Actuator,
Actuator,
Actuator,
Actuator,
Actuator,
Actuator,
Actuator,
Actuator,
Actuator,
Actuator,
Actuator,
Actuator,
Actuator,
Actuator,
Actuator,
Actuator,
Actuator,
Actuator,
Actuator,
Actuator,
Actuator,
Actuator,
Actuator,
Actuator,
Actuator,
Actuator,
Actuator,
Actuator,
Actuator,
Actuator,
Actuator,
Actuator,
Actuator,
Actuator,
Actuator,
Actuator,
Actuator,
Actuator,
Actuator,
Actuator,
Actuator,
Actuator,
Actuator,
Actuator,
Actuator,
Actuator,
Actuator,
Actuator,
Actuator,
Actuator,
Actuator,
Actuator,
Actuator,
Actuator,
Actuator,
Actuator,
Actuator,
Actuator,
Actuator,
Actuator,
Actuator,
Actuator,
Actuator,
Actuator,
Actuator,
Actuator,
Actuator,
Actuator,
Actuator,
Actuator,
Actuator,
Actuator,
Actuator,
Actuator,
Actuator,
Actuator,
Actuator,
Actuator,
Actuator,
Actuator,
Actuator,
Actuator,
Actuator,
Actuator,
Actuator,
Actuator,
Actuator,
Actuator,
Actuator,
Actuator,
Actuator,
Actuator,
Actuator,
Actuator,
Actuator,
Environmental Monitoring,Air Quality Sensor
Environmental Monitoring,Water Quality Sensor 
Environmental Monitoring,Soil Moisture Sensor 
Environmental Monitoring,Weather Station 
Environmental Monitoring,Radiation Detector
Environmental Monitoring,Air Quality Monitors
Environmental Monitoring,Water Quality Sensors
Environmental Monitoring,Soil Moisture Sensors
Environmental Monitoring,Weather Stations
Environmental Monitoring,air quality monitoring system
Environmental Monitoring,weather station
Environmental Monitoring,forest fire detection system
Environmental Monitoring,UV sensor
Environmental Monitoring,noise level sensor
Environmental Monitoring,Ozone Monitors
Environmental Monitoring,Temperature Probes
Environmental Monitoring,Hygrometers
Environmental Monitoring,Environmental Data Loggers
Environmental Monitoring,Smoke Detectors
Environmental Monitoring,Gas Leak Detectors
Environmental Monitoring,UV Radiation Sensors
Environmental Monitoring,CO2 Monitors
Environmental Monitoring,
Environmental Monitoring,
Environmental Monitoring,
Environmental Monitoring,
Environmental Monitoring,
Environmental Monitoring,
Environmental Monitoring,
Environmental Monitoring,
Environmental Monitoring,
Environmental Monitoring,
Environmental Monitoring,
Environmental Monitoring,
Environmental Monitoring,
Environmental Monitoring,
Environmental Monitoring,
Environmental Monitoring,
Environmental Monitoring,
Environmental Monitoring,
Environmental Monitoring,
Environmental Monitoring,
Environmental Monitoring,
Environmental Monitoring,
Environmental Monitoring,
Environmental Monitoring,
Environmental Monitoring,
Environmental Monitoring,
Environmental Monitoring,
Environmental Monitoring,
Environmental Monitoring,
Environmental Monitoring,
Environmental Monitoring,
Environmental Monitoring,
Environmental Monitoring,
Environmental Monitoring,
Environmental Monitoring,
Environmental Monitoring,
Environmental Monitoring,
Environmental Monitoring,
Environmental Monitoring,
Environmental Monitoring,
Environmental Monitoring,
Environmental Monitoring,
Environmental Monitoring,
Environmental Monitoring,
Environmental Monitoring,
Environmental Monitoring,
Environmental Monitoring,
Environmental Monitoring,
Environmental Monitoring,
Environmental Monitoring,
Environmental Monitoring,
Environmental Monitoring,
Environmental Monitoring,
Environmental Monitoring,
Environmental Monitoring,
Environmental Monitoring,
Environmental Monitoring,
Environmental Monitoring,
Environmental Monitoring,
Environmental Monitoring,
Environmental Monitoring,
Environmental Monitoring,
Environmental Monitoring,
Environmental Monitoring,
Environmental Monitoring,
Environmental Monitoring,
Environmental Monitoring,
Environmental Monitoring,
Environmental Monitoring,
Environmental Monitoring,
Environmental Monitoring,
Environmental Monitoring,
Environmental Monitoring,
Environmental Monitoring,
Environmental Monitoring,
Environmental Monitoring,
Environmental Monitoring,
Environmental Monitoring,
Environmental Monitoring,
Environmental Monitoring,
Environmental Monitoring,
Environmental Monitoring,
Environmental Monitoring,
Environmental Monitoring,
Environmental Monitoring,
Environmental Monitoring,
Environmental Monitoring,
Environmental Monitoring,
Environmental Monitoring,
Environmental Monitoring,
Environmental Monitoring,
Environmental Monitoring,
Environmental Monitoring,
Environmental Monitoring,
Environmental Monitoring,
Environmental Monitoring,
Environmental Monitoring,
Environmental Monitoring,
Environmental Monitoring,
Environmental Monitoring,
Environmental Monitoring,
Environmental Monitoring,
Environmental Monitoring,
Environmental Monitoring,
Environmental Monitoring,
Environmental Monitoring,
Environmental Monitoring,
Environmental Monitoring,
Environmental Monitoring,
Environmental Monitoring,
Environmental Monitoring,
Environmental Monitoring,
Environmental Monitoring,
Environmental Monitoring,
Environmental Monitoring,
Environmental Monitoring,
Environmental Monitoring,
Environmental Monitoring,
Environmental Monitoring,
Environmental Monitoring,
Environmental Monitoring,
Environmental Monitoring,
Environmental Monitoring,
Environmental Monitoring,
Environmental Monitoring,
Environmental Monitoring,
Environmental Monitoring,
Environmental Monitoring,
Environmental Monitoring,
Environmental Monitoring,
Environmental Monitoring,
Environmental Monitoring,
Environmental Monitoring,
Environmental Monitoring,
Environmental Monitoring,
Environmental Monitoring,
Environmental Monitoring,
Environmental Monitoring,
Environmental Monitoring,
Environmental Monitoring,
Environmental Monitoring,
Environmental Monitoring,
Environmental Monitoring,
Environmental Monitoring,
Environmental Monitoring,
Environmental Monitoring,
Environmental Monitoring,
Environmental Monitoring,
Environmental Monitoring,
Environmental Monitoring,
Environmental Monitoring,
Environmental Monitoring,
Environmental Monitoring,
Environmental Monitoring,
Environmental Monitoring,
Environmental Monitoring,
Environmental Monitoring,
Environmental Monitoring,
Environmental Monitoring,
Environmental Monitoring,
Environmental Monitoring,
Environmental Monitoring,
Environmental Monitoring,
Environmental Monitoring,
Environmental Monitoring,
Environmental Monitoring,
Environmental Monitoring,
Environmental Monitoring,
Environmental Monitoring,
Environmental Monitoring,
Environmental Monitoring,
Environmental Monitoring,
Environmental Monitoring,
Environmental Monitoring,
Environmental Monitoring,
Environmental Monitoring,
Environmental Monitoring,
Environmental Monitoring,
Environmental Monitoring,
Environmental Monitoring,
Environmental Monitoring,
Environmental Monitoring,
Environmental Monitoring,
Environmental Monitoring,
Environmental Monitoring,
Environmental Monitoring,
Environmental Monitoring,
Environmental Monitoring,
Environmental Monitoring,
Environmental Monitoring,
Environmental Monitoring,
Environmental Monitoring,
Environmental Monitoring,
Environmental Monitoring,
Environmental Monitoring,
Environmental Monitoring,
Environmental Monitoring,
Environmental Monitoring,
Environmental Monitoring,
Environmental Monitoring,
Environmental Monitoring,
Protocols,CoAP (Constrained Application Protocol)
Protocols,LWM2M (Lightweight Machine-to-Machine)
Protocols,TR-069
Protocols,OMA-DM (Open Mobile Alliance Device Management)
Protocols,MQTT (Message Queue Telemetry Transport)
Protocols,HTTP (Hypertext Transfer Protocol)
Protocols,HTTPS (Hypertext Transfer Protocol Secure)
Protocols,DDS (Data Distribution Service)
Protocols,AMQP (Advanced Message Queuing Protocol)
Protocols,XMPP (Extensible Messaging and Presence Protocol)
Protocols,IPv6 (Internet Protocol version 6)
Protocols,6LoWPAN (IPv6 over Low-Power Wireless Personal Area Networks)
Protocols,RPL (Routing Protocol for Low-Power and Lossy Networks)
Protocols,IEEE 802.15.4
Protocols,TLS (Transport Layer Security)
Protocols,DTLS (Datagram Transport Layer Security)
Protocols,IPsec (Internet Protocol Security)
Protocols,IKE (Internet Key Exchange)
Protocols,BLE (Bluetooth Low Energy)
Protocols,Zigbee
Protocols,Z-Wave
Protocols,NFC (Near Field Communication)
Protocols,Sigfox
Protocols,SNMP (Simple Network Management Protocol)
Protocols,TR-181
Protocols,Netconf
Protocols,RESTCONF
Protocols,STOMP (Simple Text-Oriented Messaging Protocol)
Protocols,JMS (Java Message Service)
Protocols,DDS-XRCE (Data Distribution Service for Extremely Resource-Constrained Environments)
Protocols,CoAP-TCP
Protocols,ICMPv6 (Internet Control Message Protocol version 6)
Protocols,NDP (Neighbor Discovery Protocol)
Protocols,OSPFv3 (Open Shortest Path First version 3)
Protocols,RIPv2 (Routing Information Protocol version 2)
Protocols,EAP (Extensible Authentication Protocol)
Protocols,PSK (Pre-Shared Key)
Protocols,SRTP (Secure Real-time Transport Protocol)
Protocols,S/MIME (Secure/Multipurpose Internet Mail Extensions)
Protocols,BACnet (Building Automation and Control Networks)
Protocols,C-Bus
Protocols,DALI (Digital Addressable Lighting Interface)
Protocols,EnOcean
Protocols,KNX (Konnex)
Protocols,LonWorks
Protocols,Modbus
Protocols,OPC UA (Open Platform Communications Unified Architecture)
Protocols,WebSocket
Protocols,LoRaWan
Protocols,NB-IoT Protocols
Protocols,BACnet
Protocols,6LoWPAN
Protocols,OPC UA
Protocols,XMPP protocol
Protocols,Modbus protocol
Protocols,TLS protocol
Protocols,
Protocols,
Protocols,
Protocols,
Protocols,
Protocols,
Protocols,
Protocols,
Protocols,
Protocols,
Protocols,
Protocols,
Protocols,
Protocols,
Protocols,
Protocols,
Protocols,
Protocols,
Protocols,
Protocols,
Protocols,
Protocols,
Protocols,
Protocols,
Protocols,
Protocols,
Protocols,
Protocols,
Protocols,
Protocols,
Protocols,
Protocols,
Protocols,
Protocols,
Protocols,
Protocols,
Protocols,
Protocols,
Protocols,
Protocols,
Protocols,
Protocols,
Protocols,
Protocols,
Protocols,
Protocols,
Protocols,
Protocols,
Protocols,
Protocols,
Protocols,
Protocols,
Protocols,
Protocols,
Protocols,
Protocols,
Protocols,
Protocols,
Protocols,
Protocols,
Protocols,
Protocols,
Protocols,
Protocols,
Protocols,
Protocols,
Protocols,
Protocols,
Protocols,
Protocols,
Protocols,
Protocols,
Protocols,
Protocols,
Protocols,
Protocols,
Protocols,
Protocols,
Protocols,
Protocols,
Protocols,
Protocols,
Protocols,
Protocols,
Protocols,
Protocols,
Protocols,
Protocols,
Protocols,
Protocols,
Protocols,
Protocols,
Protocols,
Protocols,
Protocols,
Protocols,
Protocols,
Protocols,
Protocols,
Protocols,
Protocols,
Protocols,
Protocols,
Protocols,
Protocols,
Protocols,
Protocols,
Protocols,
Protocols,
Protocols,
Protocols,
Protocols,
Protocols,
Protocols,
Protocols,
Protocols,
Protocols,
Protocols,
Protocols,
Protocols,
Protocols,
Protocols,
Protocols,
Protocols,
Protocols,
Protocols,
Protocols,
Protocols,
Protocols,
Protocols,
Protocols,
Protocols,
Protocols,
Protocols,
Protocols,
Protocols,
Protocols,
Protocols,
Protocols,
Protocols,
Protocols,
Protocols,
Protocols,
Protocols,
Protocols,
Protocols,
Protocols,
Protocols,
Protocols,
Protocols,
Protocols,
Protocols,
Protocols,
Protocols,
Protocols,
Protocols,
Protocols,
Protocols,
Protocols,
Protocols,
Protocols,
Protocols,
Protocols,
Protocols,
Protocols,
Protocols,
Protocols,
Storage Components,MicroSD Cards
Storage Components,Standard MicroSD Card
Storage Components,High-Speed MicroSD Card
Storage Components,MicroSD Card with Large Capacity
Storage Components,USB Flash Drives
Storage Components,Standard USB Flash Drive
Storage Components,High-Speed USB Flash Drive
Storage Components,Encrypted USB Flash Drive
Storage Components,External Hard Drives
Storage Components,Portable External Hard Drive
Storage Components,Network-Attached Storage
Storage Components,Rugged External
Storage Components,Solid-State Drives
Storage Components,SATA SSD
Storage Components,M.2 SSD
Storage Components,NVMe SSD
Storage Components,Cloud Storage
Storage Components,Public Cloud Storage
Storage Components,Private Cloud Storage
Storage Components,Hybrid Cloud Storage
Storage Components,AWS S3
Storage Components,Google Cloud Storage
Storage Components,Microsoft Azure Blob Storage
Storage Components,Edge Storage
Storage Components,Edge Computing Devices
Storage Components,Distributed File Systems
Storage Components,Network-Attached Storage
Storage Components,Networked Storage
Storage Components,Storage Area Network
Storage Components,Embedded Storage
Storage Components,eMMC
Storage Components,Flash Memory
Storage Components,Automated Backup Solutions
Storage Components,Cold Storage
Storage Components,IoT Data Hubs
Storage Components,Optical Storage
Storage Components,Compact Discs
Storage Components,Digital Versatile Discs
Storage Components,Blu-ray Discs
Storage Components,Distributed Storage
Storage Components,Peer-to-Peer (P2P) Storage
Storage Components,Blockchain-Based Storage
Storage Components,Encrypted Storage Devices:
Storage Components,Secure Digital (SD) Cards
Storage Components,Industrial-Grade Storage
Storage Components,Thermal-Resistant SSDs
Storage Components,Battery-Backed Storage
Storage Components,Non-Volatile Storage
Storage Components,Custom PCB Storage
Storage Components,Modular Storage
Storage Components,Gateway Storage Module
Storage Components,Edge Gateway Storage
Storage Components,Data Loggers
Storage Components,Environmental Data Loggers
Storage Components,
Storage Components,
Storage Components,
Storage Components,
Storage Components,
Storage Components,
Storage Components,
Storage Components,
Storage Components,
Storage Components,
Storage Components,
Storage Components,
Storage Components,
Storage Components,
Storage Components,
Storage Components,
Storage Components,
Storage Components,
Storage Components,
Storage Components,
Storage Components,
Storage Components,
Storage Components,
Storage Components,
Storage Components,
Storage Components,
Storage Components,
Storage Components,
Storage Components,
Storage Components,
Storage Components,
Storage Components,
Storage Components,
Storage Components,
Storage Components,
Storage Components,
Storage Components,
Storage Components,
Storage Components,
Storage Components,
Storage Components,
Storage Components,
Storage Components,
Storage Components,
Storage Components,
Storage Components,
Storage Components,
Storage Components,
Storage Components,
Storage Components,
Storage Components,
Storage Components,
Storage Components,
Storage Components,
Storage Components,
Storage Components,
Storage Components,
Storage Components,
Storage Components,
Storage Components,
Storage Components,
Storage Components,
Storage Components,
Storage Components,
Storage Components,
Storage Components,
Storage Components,
Storage Components,
Storage Components,
Storage Components,
Storage Components,
Storage Components,
Storage Components,
Storage Components,
Storage Components,
Storage Components,
Storage Components,
Storage Components,
Storage Components,
Storage Components,
Storage Components,
Storage Components,
Storage Components,
Storage Components,
Storage Components,
Storage Components,
Storage Components,
Storage Components,
Storage Components,
Storage Components,
Storage Components,
Storage Components,
Storage Components,
Storage Components,
Storage Components,
Storage Components,
Storage Components,
Storage Components,
Storage Components,
Storage Components,
Storage Components,
Storage Components,
Storage Components,
Storage Components,
Storage Components,
Storage Components,
Storage Components,
Storage Components,
Storage Components,
Storage Components,
Storage Components,
Storage Components,
Storage Components,
Storage Components,
Storage Components,
Storage Components,
Storage Components,
Storage Components,
Storage Components,
Storage Components,
Storage Components,
Storage Components,
Storage Components,
Storage Components,
Storage Components,
Storage Components,
Storage Components,
Storage Components,
Storage Components,
Storage Components,
Storage Components,
Storage Components,
Storage Components,
Storage Components,
Storage Components,
Storage Components,
Storage Components,
Storage Components,
Storage Components,
Storage Components,
Storage Components,
Storage Components,
Storage Components,
Storage Components,
Storage Components,
Storage Components,
Storage Components,
Storage Components,
Storage Components,
Storage Components,
Storage Components,
Storage Components,
Storage Components,
Storage Components,
Storage Components,
Storage Components,
Storage Components,
Storage Components,
Storage Components,
Storage Components,
Storage Components,
Storage Components,
Storage Components,
Storage Components,
Storage Components,
Storage Components,
Storage Components,
Storage Components,
Storage Components,
HAT,Sense HAT
HAT,Grove Base Hat
HAT,Robot HAT
HAT,IoT HATs
HAT,PoE HAT
HAT,Display HAT
HAT,LED Matrix HAT
HAT,GPS HAT
HAT,AIY Voice Kit HAT
HAT,Enviro HAT
HAT,DAC HAT
HAT,ADC HAT
HAT,Relay HAT
HAT,UPS HAT
HAT,Motor HAT
HAT,Weather HAT
HAT,Power Management HAT
HAT,Camera HAT
HAT,LCD HAT
HAT,Z-Wave HAT
HAT,BME280 HAT
HAT,DHT22 HAT
HAT,OLED HAT
HAT,Sensor HAT
HAT,Data Logging HAT
HAT,RFID HAT
HAT,Accelerometer HAT
HAT,Humidity Sensor HAT
HAT,Temperature Sensor HAT
HAT,GSM HAT
HAT,LoRa HAT
HAT,Wi-Fi HAT
HAT,Ethernet HAT
HAT,Power-over-Ethernet (PoE) HAT
HAT,RTC HAT
HAT,IMU HAT
HAT,USB HAT
HAT,Servo HAT
HAT,TPU HAT
HAT,CAN Bus HAT
HAT,NFC HAT
HAT,IoT HAT
HAT,
HAT,
HAT,
HAT,
HAT,
HAT,
HAT,
HAT,
HAT,
HAT,
HAT,
HAT,
HAT,
HAT,
HAT,
HAT,
HAT,
HAT,
HAT,
HAT,
HAT,
HAT,
HAT,
HAT,
HAT,
HAT,
HAT,
HAT,
HAT,
HAT,
HAT,
HAT,
HAT,
HAT,
HAT,
HAT,
HAT,
HAT,
HAT,
HAT,
HAT,
HAT,
HAT,
HAT,
HAT,
HAT,
HAT,
HAT,
HAT,
HAT,
HAT,
HAT,
HAT,
HAT,
HAT,
HAT,
HAT,
HAT,
HAT,
HAT,
HAT,
HAT,
HAT,
HAT,
HAT,
HAT,
HAT,
HAT,
HAT,
HAT,
HAT,
HAT,
HAT,
HAT,
HAT,
HAT,
HAT,
HAT,
HAT,
HAT,
HAT,
HAT,
HAT,
HAT,
HAT,
HAT,
HAT,
HAT,
HAT,
HAT,
HAT,
HAT,
HAT,
HAT,
HAT,
HAT,
HAT,
HAT,
HAT,
HAT,
HAT,
HAT,
HAT,
HAT,
HAT,
HAT,
HAT,
HAT,
HAT,
HAT,
HAT,
HAT,
HAT,
HAT,
HAT,
HAT,
HAT,
HAT,
HAT,
HAT,
HAT,
HAT,
HAT,
HAT,
HAT,
HAT,
HAT,
HAT,
HAT,
HAT,
HAT,
HAT,
HAT,
HAT,
HAT,
HAT,
HAT,
HAT,
HAT,
HAT,
HAT,
HAT,
HAT,
HAT,
HAT,
HAT,
HAT,
HAT,
HAT,
HAT,
HAT,
HAT,
HAT,
HAT,
HAT,
HAT,
HAT,
HAT,
HAT,
HAT,
HAT,
HAT,
HAT,
HAT,
HAT,
HAT,
HAT,
HAT,
HAT,
HAT,
HAT,
HAT,
HAT,
HAT,
HAT,
HAT,
HAT,
HAT,
HAT,
HAT,
HAT,
